日期,来源,Builder,账号,英文原文,中文翻译,原文链接,点赞,转发,卡片HTML,在线预览
2026-04-30,X/Twitter,Aditya Agarwal,@adityaag,I cannot explain how awesome this is. https://t.co/gFrA5Yj4Em,我无法形容这有多棒。https://t.co/gFrA5Yj4Em,x.com/adityaag/status/2049259492727234748,423,22,https://zarashirly114-design.github.io/builder-digest/adityaag-01.html,https://zarashirly114-design.github.io/builder-digest/adityaag-01.html
2026-04-30,X/Twitter,Amjad Masad,@amasad,Thrilled to support the education GOAT as he reinvents education (again). https://t.co/4WlNa1WWI8,激动地支持这位教育界的“史上最佳”，因为他正在（再次）重塑教育。https://t.co/4WlNa1WWI8,x.com/amasad/status/2049245424624820412,3486,211,https://zarashirly114-design.github.io/builder-digest/amasad-01.html,https://zarashirly114-design.github.io/builder-digest/amasad-01.html
2026-04-30,X/Twitter,Amjad Masad,@amasad,"It's honestly impressive that GitHub kept the service up at all, given this kind of growth. 

I predicted this years ago: Free services will become untenable with the advent of human-level bots. 

Worth exploring micro-payments: Even cents per git push might be enough to reduce spam and make this sustainable. Maybe powered by Bitcoin to keep this open and accessible (as opposed to KYCing users).","说实话，考虑到这种增长规模，GitHub 能维持服务运行确实令人印象深刻。

我多年前就预测过：随着人类级别机器人的出现，免费服务将变得不可持续。

值得探索微支付模式：即使每次 git 推送仅收取几分钱，也可能足以减少垃圾信息并使其可持续发展。或许可以借助比特币来保持开放性和可访问性（而非要求用户进行身份验证）。",x.com/amasad/status/2049242460078100638,1159,69,https://zarashirly114-design.github.io/builder-digest/amasad-02.html,https://zarashirly114-design.github.io/builder-digest/amasad-02.html
2026-04-30,X/Twitter,Amjad Masad,@amasad,"The slides are actually really good. I used to pay people to make me slides and the process was always frustrating, but now I actually enjoy making them. https://t.co/vILNW8SC6u",这些幻灯片其实做得非常好。我以前常花钱请人做幻灯片，过程总是令人沮丧，但现在我反而很享受制作它们。https://t.co/vILNW8SC6u,x.com/amasad/status/2049168449709170874,411,12,https://zarashirly114-design.github.io/builder-digest/amasad-03.html,https://zarashirly114-design.github.io/builder-digest/amasad-03.html
2026-04-30,X/Twitter,Claude,@claudeai,"More connectors launching today: Adobe Creative Cloud, Ableton, Splice, Canva Affinity, SketchUp, and Resolume.

We've also joined the Blender Development Fund as a patron to support open-source development of the software.

Read more: https://t.co/vg3l9MWNTg","今日新增更多连接器：Adobe Creative Cloud、Ableton、Splice、Canva Affinity、SketchUp 和 Resolume。

我们还加入了 Blender 开发基金，作为赞助方支持该软件的开源开发。

了解更多：https://t.co/vg3l9MWNTg",x.com/claudeai/status/2049143442601546054,3742,556,https://zarashirly114-design.github.io/builder-digest/claudeai-01.html,https://zarashirly114-design.github.io/builder-digest/claudeai-01.html
2026-04-30,X/Twitter,Claude,@claudeai,"With the Autodesk Fusion connector, designers and engineers can create and modify 3D models through conversation. https://t.co/0LTEBmjs6R",借助Autodesk Fusion连接器，设计师与工程师可以通过对话创建和修改3D模型。https://t.co/0LTEBmjs6R,x.com/claudeai/status/2049143440508616863,10824,923,https://zarashirly114-design.github.io/builder-digest/claudeai-02.html,https://zarashirly114-design.github.io/builder-digest/claudeai-02.html
2026-04-30,X/Twitter,Claude,@claudeai,"Claude now connects to the tools creative professionals already use.

With the new Blender connector, you can debug a scene, build new tools, or batch-apply changes across every object, directly from Claude. https://t.co/Kc3cBHTNpV","Claude现已连接创意专业人士常用的工具。

借助全新的Blender连接器，您可以直接通过Claude调试场景、构建新工具，或对每个对象批量应用更改。https://t.co/Kc3cBHTNpV",x.com/claudeai/status/2049143438281445811,34320,3037,https://zarashirly114-design.github.io/builder-digest/claudeai-03.html,https://zarashirly114-design.github.io/builder-digest/claudeai-03.html
2026-04-30,X/Twitter,Dan Shipper,@danshipper,"using posthog inside of codex

it is SO MUCH better to browse posthog inside of codex—codex can write queries and see the results, and it makes our collaboration extremely seamless. codex can also kick off agents that write PRs or run production DB requests to back up insights it's finding

a browser inside your desktop coding orchestration tool > an agent in your browser","在 Codex 中使用 PostHog

在 Codex 中浏览 PostHog 的体验好太多了——Codex 可以编写查询并查看结果，这让我们的协作变得极其顺畅。Codex 还能启动智能体来编写 PR（拉取请求）或执行生产数据库请求，以验证它发现的洞察。

桌面端代码编排工具内置的浏览器 > 浏览器中的智能体",x.com/danshipper/status/2049236793761976357,184,8,https://zarashirly114-design.github.io/builder-digest/danshipper-01.html,https://zarashirly114-design.github.io/builder-digest/danshipper-01.html
2026-04-30,X/Twitter,Dan Shipper,@danshipper,"we might need to coin a new term:

Codex-native
Cowork-native
Cursor-native

apps designed to be used inside of the in-app browser of your agent of choice. the agent can use it and you can use it too, full context is shared, and you can both see what the other is doing.

huge opportunity to build software here","我们可能需要创造一个术语：

Codex原生
Cowork原生
Cursor原生

这些应用专为在你所选代理的内置浏览器中使用而设计。代理可以使用它，你也可以使用它，完整的上下文会被共享，你们双方都能看到对方在做什么。

这里蕴藏着构建软件的巨大机遇。",x.com/danshipper/status/2049223943735726150,26,1,https://zarashirly114-design.github.io/builder-digest/danshipper-02.html,https://zarashirly114-design.github.io/builder-digest/danshipper-02.html
2026-04-30,X/Twitter,Dan Shipper,@danshipper,"we might need to coin a new term:

Codex-native
Cowork-native
Cursor-native

apps designed to be used inside of the in-app browser of your agent of choice. the agent can use it and you can use it too, full context is shared, and you can both see what the other is doing.

huge opportunity to build software here","我们可能需要创造一个新术语：

Codex原生
Cowork原生
Cursor原生

这些应用是设计在你所选智能体的应用内浏览器中使用的。智能体可以使用它，你也可以使用它，完整的上下文会被共享，并且你们双方都能看到对方在做什么。

这里蕴藏着构建软件的巨大机遇。",x.com/danshipper/status/2049223933766041688,109,5,https://zarashirly114-design.github.io/builder-digest/danshipper-03.html,https://zarashirly114-design.github.io/builder-digest/danshipper-03.html
2026-04-30,X/Twitter,Garry Tan,@garrytan,If you’re sick of hearing about agents 2026 is going to be the eternal September for you https://t.co/6Cnl40IPt9,如果你已经听腻了关于智能体的讨论，2026年对你来说将是永恒的九月 https://t.co/6Cnl40IPt9,x.com/garrytan/status/2049351894007710031,90,1,https://zarashirly114-design.github.io/builder-digest/garrytan-01.html,https://zarashirly114-design.github.io/builder-digest/garrytan-01.html
2026-04-30,X/Twitter,Garry Tan,@garrytan,kind of hilarious this works https://t.co/z1JYNjn65m,这居然能行，有点好笑 https://t.co/z1JYNjn65m,x.com/garrytan/status/2049334723009458388,66,1,https://zarashirly114-design.github.io/builder-digest/garrytan-02.html,https://zarashirly114-design.github.io/builder-digest/garrytan-02.html
2026-04-30,X/Twitter,Garry Tan,@garrytan,"10 years since AlphaGo
Incredible https://t.co/KHgiT01Uu8","AlphaGo问世十周年
不可思议 https://t.co/KHgiT01Uu8",x.com/garrytan/status/2049297833594101943,144,5,https://zarashirly114-design.github.io/builder-digest/garrytan-03.html,https://zarashirly114-design.github.io/builder-digest/garrytan-03.html
2026-04-30,X/Twitter,Aaron Levie,@levie,"Will keep saying this, but software jobs aren’t going away. Agents are the single biggest form of leverage for anyone technical in history. Probably has never been a better time to be technical in terms of being able to accomplish something solo, in a team, or company.

We think that most of the world’s software has already been built and that agents will just reduce work from an existing pie. In fact, we are about to experience 100X more software than before. 

Think about how many apps you regularly use that need to get better. How many legacy on prem systems that have to get replatformed for the cloud. How many SMBs never could hire developers. How many security issues are about to be uncovered and need to get patched. How many IT organizations are about to bring automation to workflows they never could have automated. How much data is about to processed and connected in most organizations. This is all what the agents will be working on.

And every one of those agents will need a person to kick them off, manage their work, orchestrate them, and get their output into a workable and useful form. That person will generally need to be technical (or become technical quickly), and this will create a huge amount of opportunity for anyone up to the task.","我还是要反复强调：软件工作不会消失。智能体是历史上技术人员所能拥有的最大杠杆。就个人独立完成、团队协作或公司层面的成就而言，现在可能是成为技术人员最好的时代。

有人认为世界上大部分软件已经建成，智能体只会从现有蛋糕中削减工作量。但事实上，我们即将迎来比以往多100倍的软件。

想想你日常使用的那些需要改进的应用有多少？有多少遗留的本地部署系统需要迁移到云端？有多少中小企业从未有能力雇佣开发者？有多少安全问题即将暴露并需要修复？有多少IT组织即将实现过去无法自动化的流程自动化？有多少数据需要在大多数组织中被处理和连接？这些正是智能体将要承担的工作。

而每一个这样的智能体都需要有人来启动它、管理它的工作、协调它的运作，并将它的输出转化为可行且有用的形式。这个人通常需要具备技术能力（或快速掌握技术），这将为任何能胜任这项任务的人创造巨大的机遇。",x.com/levie/status/2049333853777764495,300,42,https://zarashirly114-design.github.io/builder-digest/levie-01.html,https://zarashirly114-design.github.io/builder-digest/levie-01.html
2026-04-30,X/Twitter,Aaron Levie,@levie,"Agentic coding is a huge boon for software developers that want to get far more done, great for IT people to build vastly more custom systems internally, great for domain experts that want to automate workflows or wire systems together, and absolutely fantastic for anyone curious to learn how to start coding. 

What it’s less great for is casually building complex software that you have to maintain on an ongoing basis and take on all the risk for. Upgrades, maintenance, keeping up to date with latest security issues, and so on, are taxes most knowledge workers aren’t familiar with or prepared for.

Net net: we’re going to get 100X more software and vastly more software developers in the future. But that’s different from *everyone* rolling their own.","智能编码对希望大幅提升效率的软件开发人员而言是一大福音，对IT人员构建更强大的内部定制系统大有裨益，对希望自动化工作流程或整合系统的领域专家极为有利，对任何想学习编程入门的人来说更是绝佳工具。

但它不太适合随意构建需要长期维护且承担全部风险的复杂软件。升级、维护、跟进最新安全漏洞等，都是大多数知识工作者不熟悉或未做好准备要承担的""隐性成本""。

归根结底：未来我们将拥有100倍以上的软件和更多软件开发人员。但这与""人人都自己动手开发""是两回事。",x.com/levie/status/2049163935182733396,419,33,https://zarashirly114-design.github.io/builder-digest/levie-02.html,https://zarashirly114-design.github.io/builder-digest/levie-02.html
2026-04-30,X/Twitter,Nikunj Kothari,@nikunj,Did you listen to me anon? https://t.co/NcxfP9hB2t,你听我说了吗，匿名者？https://t.co/NcxfP9hB2t,x.com/nikunj/status/2049337947066183856,34,1,https://zarashirly114-design.github.io/builder-digest/nikunj-01.html,https://zarashirly114-design.github.io/builder-digest/nikunj-01.html
2026-04-30,X/Twitter,Nikunj Kothari,@nikunj,@varadh @trq212 I had way TOO much fun building this button https://t.co/kRdWoIzCjs,@varadh @trq212 制作这个按钮让我玩得太开心了 https://t.co/kRdWoIzCjs,x.com/nikunj/status/2049228229572256236,6,0,https://zarashirly114-design.github.io/builder-digest/nikunj-02.html,https://zarashirly114-design.github.io/builder-digest/nikunj-02.html
2026-04-30,X/Twitter,Nikunj Kothari,@nikunj,"No one will believe me but this happened this morning..

X (clearly a founder): I’m talking to all the Tier 1 VCs - and have second meetings. 

Y (angel, friend maybe): You mean the neolab index funds?

💀

📌 Sightglass on 7th St","没人会相信我，但这事就发生在今天早上..

X（明显是一位创始人）：我正在和所有顶级风投谈——已经进入第二轮会议了。

Y（可能是天使投资人或朋友）：你是说Neolab指数基金吗？

💀

📌 第七街的Sightglass",x.com/nikunj/status/2049179647519125976,116,1,https://zarashirly114-design.github.io/builder-digest/nikunj-03.html,https://zarashirly114-design.github.io/builder-digest/nikunj-03.html
2026-04-30,X/Twitter,Peter Yang,@petergyang,This is actually brilliant for personal agents @Shpigford - stealing this for my OpenClaw now. https://t.co/gghJwyIA1W,这对个人代理来说确实很出色 @Shpigford - 我现在要把它用到我的 OpenClaw 上。https://t.co/gghJwyIA1W,x.com/petergyang/status/2049347897310003443,123,5,https://zarashirly114-design.github.io/builder-digest/petergyang-01.html,https://zarashirly114-design.github.io/builder-digest/petergyang-01.html
2026-04-30,X/Twitter,Peter Yang,@petergyang,"I have alot of respect for solo AI builders.

The world is their playground now.","我对独立AI开发者充满敬意。

如今，整个世界都是他们的游乐场。",x.com/petergyang/status/2049345724559847585,217,10,https://zarashirly114-design.github.io/builder-digest/petergyang-02.html,https://zarashirly114-design.github.io/builder-digest/petergyang-02.html
2026-04-30,X/Twitter,Peter Yang,@petergyang,"What if we measure how good AI models are by what era of games it can one shot a single level for (or maybe build with 30 min of work):

Atari
NES
SNES, Sega Genesis
PlayStation, N64
PS2, Xbox, GameCube, Dreamcast
Xbox 360, PS3, Wii
PS4, Xbox One, Switch
PS5, Xbox Series X/S

I think we're still in the NES era?","如果我们根据AI模型能一次性通关（或花30分钟构建）哪个时代的游戏关卡来衡量其水平：

雅达利
红白机
超级任天堂、世嘉MD
PlayStation、N64
PS2、Xbox、GameCube、Dreamcast
Xbox 360、PS3、Wii
PS4、Xbox One、Switch
PS5、Xbox Series X/S

我觉得我们可能还停留在红白机时代？",x.com/petergyang/status/2049232534064734331,22,0,https://zarashirly114-design.github.io/builder-digest/petergyang-03.html,https://zarashirly114-design.github.io/builder-digest/petergyang-03.html
2026-04-30,X/Twitter,Guillermo Rauch,@rauchg,"We're growing the Vercel Labs team. Our mission is to build the devtools of the AI era.

We used to build tools for humans, now we're building them for agents. @ctatedev & team have shipped the tools that agents love: 𝚊𝚐𝚎𝚗𝚝-𝚋𝚛𝚘𝚠𝚜𝚎𝚛, 𝚙𝚘𝚛𝚝𝚕𝚎𝚜𝚜, 𝚜𝚔𝚒𝚕𝚕𝚜, 𝚌𝚑𝚊𝚝, 𝚓𝚞𝚜𝚝-𝚋𝚊𝚜𝚑, 𝚓𝚜𝚘𝚗-𝚛𝚎𝚗𝚍𝚎𝚛… 22.8M+ downloads to date.

Dream job. DMs open 😀","Vercel Labs团队正在壮大。我们的使命是打造AI时代的开发者工具。

过去我们为人类构建工具，现在我们在为智能体构建工具。@ctatedev 和团队已经推出了智能体们喜爱的工具：𝚊𝚐𝚎𝚗𝚝-𝚋𝚛𝚘𝚠𝚜𝚎𝚛、𝚙𝚘𝚛𝚝𝚕𝚎𝚜𝚜、𝚜𝚔𝚒𝚕𝚕𝚜、𝚌𝚑𝚊𝚝、𝚓𝚞𝚜𝚝-𝚋𝚊𝚜𝚑、𝚓𝚜𝚘𝚗-𝚛𝚎𝚗𝚍𝚎𝚛……截至目前累计下载量已超过2280万次。

梦想中的工作。私信开放中😀",x.com/rauchg/status/2049216048831025232,1025,39,https://zarashirly114-design.github.io/builder-digest/rauchg-01.html,https://zarashirly114-design.github.io/builder-digest/rauchg-01.html
2026-04-30,X/Twitter,Sam Altman,@sama,"at this point @ajambrosino is mogmogging

enjoy the next few updates","此刻 @ajambrosino 正在大快朵颐

敬请期待接下来的更新",x.com/sama/status/2049315574120055054,874,30,https://zarashirly114-design.github.io/builder-digest/sama-01.html,https://zarashirly114-design.github.io/builder-digest/sama-01.html
2026-04-30,X/Twitter,Sam Altman,@sama,https://t.co/WZA5vxK186,https://t.co/WZA5vxK186,x.com/sama/status/2049314532892475791,6572,214,https://zarashirly114-design.github.io/builder-digest/sama-02.html,https://zarashirly114-design.github.io/builder-digest/sama-02.html
2026-04-30,X/Twitter,Sam Altman,@sama,https://t.co/PR7C3NPxqk,https://t.co/PR7C3NPxqk,x.com/sama/status/2049241518540808440,9019,326,https://zarashirly114-design.github.io/builder-digest/sama-03.html,https://zarashirly114-design.github.io/builder-digest/sama-03.html
2026-04-30,X/Twitter,Peter Steinberger,@steipete,"codex now runs on each commit we land, reviews it - and if a booboo is found, a new codex spins up and (if still relevant) makes a PR for the fix. 

Then a review agent spins up. If an issue is found, another agent will fix the issues. (up to 5 loops) https://t.co/k6o7tNcDyf","codex 现在会在我们提交的每个提交上运行并审查它——如果发现错误，一个新的 codex 实例会启动，并且（如果仍然相关）会为修复创建一个拉取请求。

然后，一个审查代理会启动。如果发现问题，另一个代理将修复这些问题。（最多循环5次）https://t.co/k6o7tNcDyf",x.com/steipete/status/2049356949523730699,269,13,https://zarashirly114-design.github.io/builder-digest/steipete-01.html,https://zarashirly114-design.github.io/builder-digest/steipete-01.html
2026-04-30,X/Twitter,Peter Steinberger,@steipete,"I'm now spinning up a codex instance on every commit landing on main, looking for booboos (regressions, security issues)

It's live for 10 min and already found one of mine. https://t.co/P0xgFTSpkS https://t.co/xQcehMY7V5","我现在每次提交到主分支时都会启动一个 Codex 实例，用来查找错误（回归问题、安全漏洞）

它上线仅10分钟就已经发现了我自己的一处问题。https://t.co/P0xgFTSpkS https://t.co/xQcehMY7V5",x.com/steipete/status/2049290741013262522,264,6,https://zarashirly114-design.github.io/builder-digest/steipete-02.html,https://zarashirly114-design.github.io/builder-digest/steipete-02.html
2026-04-30,X/Twitter,Peter Steinberger,@steipete,I smell a leak. https://t.co/B5tlqY6ORA,我闻到了泄露的味道。https://t.co/B5tlqY6ORA,x.com/steipete/status/2049290265026773172,3534,50,https://zarashirly114-design.github.io/builder-digest/steipete-03.html,https://zarashirly114-design.github.io/builder-digest/steipete-03.html
2026-04-30,X/Twitter,Nan Yu,@thenanyu,The luxury of having excess compute https://t.co/GGPrHA54z7,拥有过剩算力的奢侈 https://t.co/GGPrHA54z7,x.com/thenanyu/status/2049075513444999515,26,0,https://zarashirly114-design.github.io/builder-digest/thenanyu-01.html,https://zarashirly114-design.github.io/builder-digest/thenanyu-01.html
2026-04-30,X/Twitter,Thariq,@trq212,"my white whale is when CC sometimes looks like it hangs during big file writes, I think we found it 😭",我的执念是当CC在大文件写入时偶尔看起来像卡住了一样，我觉得我们找到原因了😭,x.com/trq212/status/2049252080892973563,128,2,https://zarashirly114-design.github.io/builder-digest/trq212-01.html,https://zarashirly114-design.github.io/builder-digest/trq212-01.html
2026-04-30,X/Twitter,Thariq,@trq212,"a big part of this is we're working on making the no flicker renderer excellent so we can ship it as the default renderer, more updates coming there

but lots of other papercuts coming","这其中很大一部分工作，是我们正在努力让无闪烁渲染器变得出色，以便将其作为默认渲染器推出，更多更新即将到来

但还有许多其他小问题正在修复中",x.com/trq212/status/2049234229926695188,191,2,https://zarashirly114-design.github.io/builder-digest/trq212-02.html,https://zarashirly114-design.github.io/builder-digest/trq212-02.html
2026-04-30,X/Twitter,Thariq,@trq212,"we're doing a lot more of this, hunting down some of the most annoying bugs in Claude Code

let me know if you have any white whales https://t.co/AedPpTEjpj","我们正在加大力度，追查Claude Code中最令人头疼的漏洞

如果你有任何难以解决的顽固问题，请告诉我 https://t.co/AedPpTEjpj",x.com/trq212/status/2049234228290961690,1038,25,https://zarashirly114-design.github.io/builder-digest/trq212-03.html,https://zarashirly114-design.github.io/builder-digest/trq212-03.html
2026-04-30,X/Twitter,Zara Zhang,@zarazhangrui,"Don't get AI to generate images; get them to generate SVGs!

Vector illustrations that seamlessly blend into the design style is the perfect complement to HTML Slides 

(Here I'm using the @QuiverAI API inside @AnyGenIO's Frontend Slides feature https://t.co/HDcFWYzJXa) https://t.co/taG21gR6yj","别让AI生成图片；让它生成SVG！

能够无缝融入设计风格的矢量插图，是HTML幻灯片的完美补充

（这里我使用的是@AnyGenIO的Frontend Slides功能中的@QuiverAI API https://t.co/HDcFWYzJXa）https://t.co/taG21gR6yj",x.com/zarazhangrui/status/2049258231042805806,120,14,https://zarashirly114-design.github.io/builder-digest/zarazhangrui-01.html,https://zarashirly114-design.github.io/builder-digest/zarazhangrui-01.html
2026-04-30,X/Twitter,Zara Zhang,@zarazhangrui,"Very interested in this

I used to build web apps with GUI; now I just share GitHub repos with the code and people can customize the UI however they like

Kind of like Karpathy's ""idea file"": just write down the idea, and people's agents can build it for them in a customized way https://t.co/Rsxt1kyrM8","对此非常感兴趣

过去我用GUI构建网页应用；现在只需分享含代码的GitHub仓库，人们就能按自己喜好自定义UI

有点像Karpathy的""创意文件""：只需写下想法，人们的智能体就能以定制化方式为他们构建出来 https://t.co/Rsxt1kyrM8",x.com/zarazhangrui/status/2049186121314415054,94,12,https://zarashirly114-design.github.io/builder-digest/zarazhangrui-02.html,https://zarashirly114-design.github.io/builder-digest/zarazhangrui-02.html
